Workbook

Sheet Control
A1: LOGO | C1: Formato para estimación del balance del producto | F1: Identificación:
F2: SOFT-T-002
F3: Revisión: 0
C4: FELIX RUIZ GONZALEZ | F4: Inicio de vigencia:
F5: 45642
A10: DOCUMENTO CONTROLADO
A11: Autor de documento original: LOGC750219
A12: SOFT-T-002 Formato para estimación del balance del producto
A14: Copia controlada No. :0
B17: Nombre | D17: Puesto o función | F17: Firma | G17: Fecha
A18: Elaboró: | B18: Lezlie Anahy Gutierrez Armendáriz. | D18: Administrativo | G18: 45642
A19: Revisó: | B19: Félix Ruiz Gonzalez | D19: Alta Dirección | G19: 45642
A20: Aprobó: | B20: Félix Ruiz Gonzalez | D20: Alta Dirección | G20: 45642
A21: Localización del documento: | D21: Estación de servicio
A24: Control de cambios
A26: Estado | B26: Fecha de inicio de vigencia | C26: Revisión | D26: Descripción del cambio realizado | E26: Realizó | F26: Revisó | G26: Aprobó
A28: Vigente | B28: 45642 | C28: 0 | D28: Ninguno (versión original). | E28: LAGA | F28: FRG | G28: FRG
A48: Documento controlado, prohibida su reproducción parcial o total sin autorización. | F48: Página 1 de 8

Sheet Inventario Inicial
A13: Datos | F13: LECTURA INICIAL (Li)
A14: hx= | C14: m | D14: Valor de entrada
A15: h1= | C15: m | D15: Datos del certificado de calibración
A16: h2= | C16: m
A17: V1= | C17: m3
A18: V2= | C18: m3
A19: Acero al carbón (αc): | C19: 1/°C
A20: Ts= | C20: °C
A21: T liquido= | C21: °C
A22: T ambiente= | C22: °C
A25: RHO Observada: | C25: kg/m3 | D25: Datos obtenidos de un muestreo del producto
A26: T observada= | C26: °C
A27: T base= | C27: °C
A30: Volumen en hx= | B30: =(((B14-B15)/(B16-B15))*(B18-B17))+B17 -> #DIV/0! | C30: m3
A31: CTS= | B31: =1+B19*(B20-20) -> 1
A32: CTL= | B32: =C75/C76 -> #DIV/0!
B50: Aplicación del API 2540: | G50: K0=
B51: Iteración: | C51: 1 | G51: K1=
B52: Beta 15: | C52: =((H50/(B25^2))+(H51/B25)) -> #DIV/0!
B53: RHO 15= | C53: =B25/EXP(-C52*(B26-15)*(1+0.8*C52*(B26-15))) -> #DIV/0!
B55: Iteración: | C55: 2
B56: Beta 15: | C56: =((H50/(C53^2))+(H51/C53)) -> #DIV/0!
B57: RHO 15= | C57: =B25/EXP(-C56*(B26-15)*(1+0.8*C56*(B26-15))) -> #DIV/0!
B60: Iteración: | C60: 3
B61: Beta 15: | C61: =((H50/(C57^2))+(H51/C57)) -> #DIV/0!
B62: RHO 15= | C62: =B25/EXP(-C61*(B26-15)*(1+0.8*C61*(B26-15))) -> #DIV/0!
B65: Iteración: | C65: 4
B66: Beta 15: | C66: =((H50/(C62^2))+(H51/C62)) -> #DIV/0!
B67: RHO 15= | C67: =B25/EXP(-C66*(B26-15)*(1+0.8*C66*(B26-15))) -> #DIV/0!
B70: Iteración: | C70: 5
B71: Beta 15: | C71: =((H50/(C67^2))+(H51/C67)) -> #DIV/0!
B72: RHO 15= | C72: =B25/EXP(-C71*(B26-15)*(1+0.8*C71*(B26-15))) -> #DIV/0!
B73: Beta 20: | C73: =H50/C76^2+H51/C76 -> #DIV/0! | D73: 1/°C
B75: RHO a TS= | C75: =C72*EXP(-C71*(B20-15)*(1+0.8*C71*(B20-15))) -> #DIV/0! | D75: kg/m3 | E75: Densidad del producto
B76: RHO a 20= | C76: =C72*EXP(-C71*(20-15)*(1+0.8*C71*(20-15))) -> #DIV/0! | D76: kg/m3
B78: CTL= | C78: =C75/C76 -> #DIV/0!
B82: Resultado del ejercicio:
B83: Volumen base= | C83: =B30*B31*C78 -> #DIV/0! | D83: m3 | E83: Volumen neto, aplicando el CTL
A85: Estimación de Incertidumbre
A89: Presupuesto de incertidumbre en base al modelo
I90: Del instrumento
A91: Referencia | B91: Variable de entrada | E91: Valor | F91: Unidad | G91: Fuente de informacion | I91: U Original | J91: Tipo Distribución | K91: u(xi) | L91: Ci | M91: u(xi)*Ci | N91: [u(xi)*Ci]^2 | O91: Aportación en %
A92: 1 | B92: Altura del líquido de medición (hx) | E92: =B14 -> 0 | F92: m | G92: Sistema de Nivel (Veeder-Root) | I92: uc de hx Incertidumbre combinada | K92: =SQRT(N94+N96+N98) -> 0.00098952851 | L92: =((1/(B16-B15))*(B18-B17))*C78*B31 -> #DIV/0! | M92: =K92*L92 -> #DIV/0! | N92: =M92^2 -> #DIV/0! | O92: =N92/$N$144 -> #DIV/0!
A94: 1.1 | B94: Calibración (De la cinta plomada) | F94: m | G94: RES/811/2017 | I94: 0.0015 | J94: Normal | K94: =I94/2 -> 0.00075 | L94: 1 | M94: =L94*K94 -> 0.00075 | N94: =M94^2 -> 5.625e-07
A96: 1.2 | B96: Resolución | F96: m | G96: Dispositivo/manual | I96: 0.001 | J96: Uniforme | K96: =I96/SQRT(12) -> 0.00028867513 | L96: 1 | M96: =L96*K96 -> 0.00028867513 | N96: =M96^2 -> 8.3333333e-08
A98: 1.3 | B98: Estabilidad | F98: m | G98: En el proceso de medición | I98: 0.002 | J98: Uniforme | K98: =I98/SQRT(12) -> 0.00057735027 | L98: 1 | M98: =L98*K98 -> 0.00057735027 | N98: =M98^2 -> 3.3333333e-07
A100: 2 | B100: Altura antes del hx del certificado de calibración (h1) | E100: =B15 -> 0 | F100: m | G100: Certificado de Calibración de la Cinta Plomada | J100: Normal | K100: =I100/2 -> 0 | L100: =(((-1/(E102-E100))*(E106-E104))+(((E92-E100)/(E102-E100)^2)*(E106-E104)))*B31*B32 -> #DIV/0! | M100: =L100*K100 -> #DIV/0! | N100: =M100^2 -> #DIV/0! | O100: =N100/$N$144 -> #DIV/0!
A102: 3 | B102: Altura después del hx del certificado de calibración (h2) | E102: =B16 -> 0 | F102: m | G102: Certificado de Calibración de la Cinta Plomada | J102: Normal | K102: =I102/2 -> 0 | L102: =(-((E92-E100)/(E102-E100)^2*(E106-E104))*B31*B32) -> #DIV/0! | M102: =L102*K102 -> #DIV/0! | N102: =M102^2 -> #DIV/0! | O102: =N102/$N$144 -> #DIV/0!
A104: 4 | B104: Volumen correspondiente al h1 del certificado de calibración (v1) | E104: =B17 -> 0 | F104: m3 | G104: Certificado de Volumen | J104: Normal | K104: =I104/2 -> 0 | L104: =(-((E92-E100)/(E102-E100))+1)*B31*B32 -> #DIV/0! | M104: =L104*K104 -> #DIV/0! | N104: =M104^2 -> #DIV/0! | O104: =N104/$N$144 -> #DIV/0!
A106: 5 | B106: Volumen correspondiente al h2 del certificado de calibración (v2) | E106: =B18 -> 0 | F106: m3 | G106: Certificado de Volumen | J106: Normal | K106: =I106/2 -> 0 | L106: =((E92-E100)/(E102-E100))*B31*B32 -> #DIV/0! | M106: =L106*K106 -> #DIV/0! | N106: =M106^2 -> #DIV/0! | O106: =N106/$N$144 -> #DIV/0!
A108: 6 | B108: Coeficiente de expansión térmico del acero (αc) | E108: =B19 -> 0 | F108: 1/°C | G108: Fabricante | I108: =E108*0.1 -> 0 | J108: Uniforme | K108: =I108/SQRT(12) -> 0 | L108: =B30*(E110-20)*C78 -> #DIV/0! | M108: =L108*K108 -> #DIV/0! | N108: =M108^2 -> #DIV/0! | O108: =N108/$N$144 -> #DIV/0!
A110: 7 | B110: Temperatura del tanque (Ts) | E110: =B20 -> 0 | F110: °C | G110: Temperatura ponderada con ambiente | I110: uc de Ts | K110: =SQRT(N112+N120) -> 0.10218957 | L110: =E108*B30*C78 -> #DIV/0! | M110: =L110*K110 -> #DIV/0! | N110: =M110^2 -> #DIV/0! | O110: =N110/$N$144 -> #DIV/0!
A112: 7.1 | B112: Temperatura en el líquido del tanque (Tl) | E112: =B21 -> 0 | F112: °C | G112: Sonda de temperatura | I112: uc de Tl | K112: =SQRT(N114+N116+N118) -> 0.1040833 | L112: =7/8 -> 0.875 | M112: =L112*K112 -> 0.091072887 | N112: =M112^2 -> 0.0082942708
A114: 7.1.1 | B114: Calibración | F114: °C | G114: RES/811/2017 | I114: 0.2 | J114: Normal | K114: =I114/2 -> 0.1 | L114: 1 | M114: =L114*K114 -> 0.1 | N114: =M114^2 -> 0.01
A116: 7.1.2 | B116: Resolución | F116: °C | G116: Dispositivo/manual | I116: 0.1 | J116: Uniforme | K116: =I116/SQRT(12) -> 0.028867513 | L116: 1 | M116: =L116*K116 -> 0.028867513 | N116: =M116^2 -> 0.00083333333
A118: 7.1.3 | B118: Estabilidad | F118: °C | G118: En el proceso de medición | I118: =ABS('Inventario Inicial'!B20-'Inventario Final'!B20) -> 0 | J118: Uniforme | K118: =I118/SQRT(12) -> 0 | L118: 1 | M118: =L118*K118 -> 0 | N118: =M118^2 -> 0 | Q118: Se deriva con respecto a Tl
Q119: Derivada con respecto a Ts= 7/8
A120: 7.2 | B120: Temperatura en el ambiente (Ta) | E120: =B22 -> 0 | F120: °C | G120: Termómetro ambiental | I120: uc de Ta | K120: =SQRT(N122+N124+N126) -> 0.37080992 | L120: =1/8 -> 0.125 | M120: =L120*K120 -> 0.046351241 | N120: =M120^2 -> 0.0021484375 | Q120: Derivada con respecto a Ta= 1/8
A122: 7.2.1 | B122: Calibración | F122: °C | G122: Dispositivo/manual | I122: 0.8 | J122: Uniforme | K122: =I122/SQRT(12) -> 0.23094011 | L122: 1 | M122: =L122*K122 -> 0.23094011 | N122: =M122^2 -> 0.053333333
A124: 7.2.2 | B124: Resolución | F124: °C | G124: Dispositivo/manual | I124: 0.1 | J124: Uniforme | K124: =I124/SQRT(12) -> 0.028867513 | L124: 1 | M124: =L124*K124 -> 0.028867513 | N124: =M124^2 -> 0.00083333333
A126: 7.2.3 | B126: Estabilidad | F126: °C | G126: En el proceso de medición | I126: 1 | J126: Uniforme | K126: =I126/SQRT(12) -> 0.28867513 | L126: 1 | M126: =L126*K126 -> 0.28867513 | N126: =M126^2 -> 0.083333333
A128: 8 | B128: Densidad del producto en tanque (RHOtp: ρtp) | E128: =C75 -> #DIV/0! | F128: kg/m3 | I128: uc de RHOtp | K128: =SQRT(N130+N132+N134) -> #DIV/0! | L128: =B30*B31*(1/C76) -> #DIV/0! | M128: =L128*K128 -> #DIV/0! | N128: =M128^2 -> #DIV/0! | O128: =N128/$N$144 -> #DIV/0!
A130: 8.1 | B130: Densidad Observada | E130: =B25 -> 0 | F130: kg/m3 | G130: Dispositivo/manual | I130: 0.2 | J130: Uniforme | K130: =I130/SQRT(12) -> 0.057735027 | L130: 1 | M130: =L130*K130 -> 0.057735027 | N130: =M130^2 -> 0.0033333333
A132: 8..2 | B132: Temperatura Observada | E132: =B26 -> 0 | F132: °C | G132: RES/811/2017 | I132: 0.2 | J132: Normal | K132: =I132/2 -> 0.1 | L132: =E128*((-C71*(1+0.8*C71*(E132-15)))+(-C71*(E132-15)*(0.8*C71))) -> #DIV/0! | M132: =L132*K132 -> #DIV/0! | N132: =M132^2 -> #DIV/0!
A134: 8.3 | B134: Modelo Cálculo API 2540 | F134: kg/m3 | G134: Estándar API 2540 | I134: =E128*(0.15/100) -> #DIV/0! | J134: Uniforme | K134: =I134/SQRT(12) -> #DIV/0! | L134: 1 | M134: =L134*K134 -> #DIV/0! | N134: =M134^2 -> #DIV/0!
A136: 9 | B136: Densidad del producto en tanque (RHO 20: ρ20) | E136: =C76 -> #DIV/0! | F136: kg/m3 | I136: uc de RHO20 | K136: =SQRT(N138+N140+N142) -> #DIV/0! | L136: =B30*B31*(-E128/E136^2) -> #DIV/0! | M136: =L136*K136 -> #DIV/0! | N136: =M136^2 -> #DIV/0! | O136: =N136/$N$144 -> #DIV/0!
A138: 9.1 | B138: Densidad Observada | E138: =B25 -> 0 | F138: kg/m3 | G138: Dispositivo/manual | I138: 0.2 | J138: Uniforme | K138: =I138/SQRT(12) -> 0.057735027 | L138: 1 | M138: =L138*K138 -> 0.057735027 | N138: =M138^2 -> 0.0033333333
A140: 9.2 | B140: Temperatura Observada | E140: 20 | F140: °C | G140: RES/811/2017 | I140: 0.2 | J140: Normal | K140: =I140/2 -> 0.1 | L140: =E136*((-C71*(1+0.8*C71*(E140-15)))+(-C71*(E140-15)*(0.8*C71))) -> #DIV/0! | M140: =L140*K140 -> #DIV/0! | N140: =M140^2 -> #DIV/0!
A142: 9.3 | B142: Modelo Cálculo API 2540 | F142: kg/m3 | G142: Estandar API 2540 | I142: =E136*(0.15/100) -> #DIV/0! | J142: Uniforme | K142: =I142/SQRT(12) -> #DIV/0! | L142: 1 | M142: =L142*K142 -> #DIV/0! | N142: =M142^2 -> #DIV/0!
M144: Sumatoria= | N144: =SUM(N92,N100:N111,N128,N136) -> #DIV/0! | O144: =SUM(O92,O100:O111,O128,O136) -> #DIV/0!
M145: Raiz= | N145: =SQRT(N144) -> #DIV/0! | O145: Incertidumbre combinada del Volumen base
M146: Uexp, k=2 | N146: =N145*2 -> #DIV/0!
M147: Uexp, en %= | N147: =N146/C83 -> #DIV/0!

Sheet Derivadas Entradas
A1: Derivada del modelo de API para la Temperatura
A7: Para la derivada del coeficiente de sensibilidad de la temperatura para RHOtp y RHObase
A16: Dervida de V
H20: Primera derivada
H23: Segunda derivada
H35: Derivando con respecto a hx
K40: Derivando con respecto a h1
H45: Derivando con respecto a h2
G51: Derivando con respecto a v1
F56: Derivando con respecto a v2
F60: Derivando con respecto a αc
E64: Derivando con respecto a ts
F69: Derivando con respecto a RHOtp
F73: Derivando con respecto a RHObase

Sheet Inventario Final
A13: Datos | F13: LECTURA FINAL (Lf), Se realiza un mes después que la lectura inicial (por lo que cambian las temperaturas, densidad, etc.) además de que se mide a una altura del tanque distinta
A14: hx= | C14: m | D14: Valor de entrada
A15: h1= | C15: m | D15: Datos del certificado de calibración
A16: h2= | C16: m
A17: V1= | C17: m3
A18: V2= | C18: m3
A19: Acero al carbón: | C19: 1/°C | D19: αc
A20: Ts= | C20: °C
A21: T liquido= | C21: °C
A22: T ambiente= | C22: °C
A25: RHO Observada: | C25: kg/m3 | D25: Datos obtenidos de un muestreo del producto
A26: T observada= | C26: °C
A27: T base= | B27: 20 | C27: °C
A30: Volumen en hx= | B30: =(((B14-B15)/(B16-B15))*(B18-B17))+B17 -> #DIV/0! | C30: m3
A31: CTS= | B31: =1+B19*(B20-20) -> 1
A32: CTL= | B32: =C75/C76 -> #DIV/0!
B50: Aplicación del API 2540: | G50: K0=
B51: Iteración: | C51: 1 | G51: K1=
B52: Beta 15: | C52: =((H50/(B25^2))+(H51/B25)) -> #DIV/0!
B53: RHO 15= | C53: =B25/EXP(-C52*(B26-15)*(1+0.8*C52*(B26-15))) -> #DIV/0!
B55: Iteración: | C55: 2
B56: Beta 15: | C56: =((H50/(C53^2))+(H51/C53)) -> #DIV/0!
B57: RHO 15= | C57: =B25/EXP(-C56*(B26-15)*(1+0.8*C56*(B26-15))) -> #DIV/0!
B60: Iteración: | C60: 3
B61: Beta 15: | C61: =((H50/(C57^2))+(H51/C57)) -> #DIV/0!
B62: RHO 15= | C62: =B25/EXP(-C61*(B26-15)*(1+0.8*C61*(B26-15))) -> #DIV/0!
B65: Iteración: | C65: 4
B66: Beta 15: | C66: =((H50/(C62^2))+(H51/C62)) -> #DIV/0!
B67: RHO 15= | C67: =B25/EXP(-C66*(B26-15)*(1+0.8*C66*(B26-15))) -> #DIV/0!
B70: Iteración: | C70: 5
B71: Beta 15: | C71: =((H50/(C67^2))+(H51/C67)) -> #DIV/0!
B72: RHO 15= | C72: =B25/EXP(-C71*(B26-15)*(1+0.8*C71*(B26-15))) -> #DIV/0!
B73: Beta 20: | C73: =H50/C76^2+H51/C76 -> #DIV/0! | D73: 1/°C
B75: RHO a TS= | C75: =C72*EXP(-C71*(B20-15)*(1+0.8*C71*(B20-15))) -> #DIV/0! | D75: kg/m3 | E75: Densidad del producto
B76: RHO a 20= | C76: =C72*EXP(-C71*(20-15)*(1+0.8*C71*(20-15))) -> #DIV/0! | D76: kg/m3
B78: CTL= | C78: =C75/C76 -> #DIV/0!
B82: Resultado del ejercicio:
B83: Volumen base= | C83: =B30*B31*C78 -> #DIV/0! | D83: m3 | E83: Volumen neto, aplicando el CTL
A85: Estimación de Incertidumbre
A89: Presupuesto de incertidumbre en base al modelo
I90: Del instrumento
A91: Referencia | B91: Variable de entrada | E91: Valor | F91: Unidad | G91: Fuente de informacion | I91: U Original | J91: Tipo Distribución | K91: u(xi) | L91: Ci | M91: u(xi)*Ci | N91: [u(xi)*Ci]^2 | O91: Aportación en %
A92: 1 | B92: Altura del líquido de medición (hx) | E92: =B14 -> 0 | F92: m | G92: Sistema de Nivel (Veeder-Root) | I92: uc de hx Incertidumbre combinada | K92: =SQRT(N94+N96+N98) -> 0.00098952851 | L92: =((1/(B16-B15))*(B18-B17))*C78*B31 -> #DIV/0! | M92: =K92*L92 -> #DIV/0! | N92: =M92^2 -> #DIV/0! | O92: =N92/$N$144 -> #DIV/0!
A94: 1.1 | B94: Calibración (De la cinta plomada) | F94: m | G94: RES/811/2017 | I94: 0.0015 | J94: Normal | K94: =I94/2 -> 0.00075 | L94: 1 | M94: =L94*K94 -> 0.00075 | N94: =M94^2 -> 5.625e-07
A96: 1.2 | B96: Resolución | F96: m | G96: Dispositivo/manual | I96: 0.001 | J96: Uniforme | K96: =I96/SQRT(12) -> 0.00028867513 | L96: 1 | M96: =L96*K96 -> 0.00028867513 | N96: =M96^2 -> 8.3333333e-08
A98: 1.3 | B98: Estabilidad | F98: m | G98: En el proceso de medición | I98: 0.002 | J98: Uniforme | K98: =I98/SQRT(12) -> 0.00057735027 | L98: 1 | M98: =L98*K98 -> 0.00057735027 | N98: =M98^2 -> 3.3333333e-07
A100: 2 | B100: Altura antes del hx del certificado de calibración (h1) | E100: =B15 -> 0 | F100: m | G100: Certificado de Calibración de la Cinta Plomada | I100: =0.071/1000 -> 7.1e-05 | J100: Normal | K100: =I100/2 -> 3.55e-05 | L100: =(((-1/(E102-E100))*(E106-E104))+(((E92-E100)/(E102-E100)^2)*(E106-E104)))*B31*B32 -> #DIV/0! | M100: =L100*K100 -> #DIV/0! | N100: =M100^2 -> #DIV/0! | O100: =N100/$N$144 -> #DIV/0!
A102: 3 | B102: Altura después del hx del certificado de calibración (h2) | E102: =B16 -> 0 | F102: m | G102: Certificado de Calibración de la Cinta Plomada | I102: =0.071/1000 -> 7.1e-05 | J102: Normal | K102: =I102/2 -> 3.55e-05 | L102: =(-((E92-E100)/(E102-E100)^2*(E106-E104))*B31*B32) -> #DIV/0! | M102: =L102*K102 -> #DIV/0! | N102: =M102^2 -> #DIV/0! | O102: =N102/$N$144 -> #DIV/0!
A104: 4 | B104: Volumen correspondiente al h1 del certificado de calibración (v1) | E104: =B17 -> 0 | F104: m3 | G104: Certificado de Volumen | I104: =(0.12/100)*E104 -> 0 | J104: Normal | K104: =I104/2 -> 0 | L104: =(-((E92-E100)/(E102-E100))+1)*B31*B32 -> #DIV/0! | M104: =L104*K104 -> #DIV/0! | N104: =M104^2 -> #DIV/0! | O104: =N104/$N$144 -> #DIV/0!
A106: 5 | B106: Volumen correspondiente al h2 del certificado de calibración (v2) | E106: =B18 -> 0 | F106: m3 | G106: Certificado de Volumen | I106: =(0.12/100)*E106 -> 0 | J106: Normal | K106: =I106/2 -> 0 | L106: =((E92-E100)/(E102-E100))*B31*B32 -> #DIV/0! | M106: =L106*K106 -> #DIV/0! | N106: =M106^2 -> #DIV/0! | O106: =N106/$N$144 -> #DIV/0!
A108: 6 | B108: Coeficiente de expansión térmico del acero (αc) | E108: =B19 -> 0 | F108: 1/°C | G108: Fabricante | I108: =E108*0.1 -> 0 | J108: Uniforme | K108: =I108/SQRT(12) -> 0 | L108: =B30*(E110-20)*C78 -> #DIV/0! | M108: =L108*K108 -> #DIV/0! | N108: =M108^2 -> #DIV/0! | O108: =N108/$N$144 -> #DIV/0!
A110: 7 | B110: Temperatura del tanque (Ts) | E110: =B20 -> 0 | F110: °C | G110: Temperatura ponderada con ambiente | I110: uc de Ts | K110: =SQRT(N112+N120) -> 0.10218957 | L110: =E108*B30*C78 -> #DIV/0! | M110: =L110*K110 -> #DIV/0! | N110: =M110^2 -> #DIV/0! | O110: =N110/$N$144 -> #DIV/0!
A112: 7.1 | B112: Temperatura en el líquido del tanque (Tl) | E112: =B21 -> 0 | F112: °C | G112: Sonda de temperatura | I112: uc de Tl | K112: =SQRT(N114+N116+N118) -> 0.1040833 | L112: =7/8 -> 0.875 | M112: =L112*K112 -> 0.091072887 | N112: =M112^2 -> 0.0082942708
A114: 7.1.1 | B114: Calibración | F114: °C | G114: RES/811/2017 | I114: 0.2 | J114: Normal | K114: =I114/2 -> 0.1 | L114: 1 | M114: =L114*K114 -> 0.1 | N114: =M114^2 -> 0.01
A116: 7.1.2 | B116: Resolución | F116: °C | G116: Dispositivo/manual | I116: 0.1 | J116: Uniforme | K116: =I116/SQRT(12) -> 0.028867513 | L116: 1 | M116: =L116*K116 -> 0.028867513 | N116: =M116^2 -> 0.00083333333
A118: 7.1.3 | B118: Estabilidad | F118: °C | G118: En el proceso de medición | I118: =ABS('Inventario Inicial'!B20-'Inventario Final'!B20) -> 0 | J118: Uniforme | K118: =I118/SQRT(12) -> 0 | L118: 1 | M118: =L118*K118 -> 0 | N118: =M118^2 -> 0 | Q118: Se deriva con respecto a Tl
Q119: Derivada con respecto a Ts= 7/8
A120: 7.2 | B120: Temperatura en el ambiente (Ta) | E120: =B22 -> 0 | F120: °C | G120: Termómetro ambiental | I120: uc de Ta | K120: =SQRT(N122+N124+N126) -> 0.37080992 | L120: =1/8 -> 0.125 | M120: =L120*K120 -> 0.046351241 | N120: =M120^2 -> 0.0021484375 | Q120: Derivada con respecto a Ta= 1/8
A122: 7.2.1 | B122: Calibración | F122: °C | G122: Dispositivo/manual | I122: 0.8 | J122: Uniforme | K122: =I122/SQRT(12) -> 0.23094011 | L122: 1 | M122: =L122*K122 -> 0.23094011 | N122: =M122^2 -> 0.053333333
A124: 7.2.2 | B124: Resolución | F124: °C | G124: Dispositivo/manual | I124: 0.1 | J124: Uniforme | K124: =I124/SQRT(12) -> 0.028867513 | L124: 1 | M124: =L124*K124 -> 0.028867513 | N124: =M124^2 -> 0.00083333333
A126: 7.2.3 | B126: Estabilidad | F126: °C | G126: En el proceso de medición | I126: 1 | J126: Uniforme | K126: =I126/SQRT(12) -> 0.28867513 | L126: 1 | M126: =L126*K126 -> 0.28867513 | N126: =M126^2 -> 0.083333333
A128: 8 | B128: Densidad del producto en tanque (RHOtp: ρtp) | E128: =C75 -> #DIV/0! | F128: kg/m3 | I128: uc de RHOtp | K128: =SQRT(N130+N132+N134) -> #DIV/0! | L128: =B30*B31*(1/C76) -> #DIV/0! | M128: =L128*K128 -> #DIV/0! | N128: =M128^2 -> #DIV/0! | O128: =N128/$N$144 -> #DIV/0!
A130: 8.1 | B130: Densidad Observada | E130: =B25 -> 0 | F130: kg/m3 | G130: Dispositivo/manual | I130: 0.2 | J130: Uniforme | K130: =I130/SQRT(12) -> 0.057735027 | L130: 1 | M130: =L130*K130 -> 0.057735027 | N130: =M130^2 -> 0.0033333333
A132: 8..2 | B132: Temperatura Observada | E132: =B26 -> 0 | F132: °C | G132: RES/811/2017 | I132: 0.2 | J132: Normal | K132: =I132/2 -> 0.1 | L132: =E128*((-C71*(1+0.8*C71*(E132-15)))+(-C71*(E132-15)*(0.8*C71))) -> #DIV/0! | M132: =L132*K132 -> #DIV/0! | N132: =M132^2 -> #DIV/0!
A134: 8.3 | B134: Modelo Cálculo API 2540 | F134: kg/m3 | G134: Estándar API 2540 | I134: =E128*(0.15/100) -> #DIV/0! | J134: Uniforme | K134: =I134/SQRT(12) -> #DIV/0! | L134: 1 | M134: =L134*K134 -> #DIV/0! | N134: =M134^2 -> #DIV/0!
A136: 9 | B136: Densidad del producto en tanque (RHO 20: ρ20) | E136: =C76 -> #DIV/0! | F136: kg/m3 | I136: uc de RHO20 | K136: =SQRT(N138+N140+N142) -> #DIV/0! | L136: =B30*B31*(-E128/E136^2) -> #DIV/0! | M136: =L136*K136 -> #DIV/0! | N136: =M136^2 -> #DIV/0! | O136: =N136/$N$144 -> #DIV/0!
A138: 9.1 | B138: Densidad Observada | E138: =B25 -> 0 | F138: kg/m3 | G138: Dispositivo/manual | I138: 0.2 | J138: Uniforme | K138: =I138/SQRT(12) -> 0.057735027 | L138: 1 | M138: =L138*K138 -> 0.057735027 | N138: =M138^2 -> 0.0033333333
A140: 9.2 | B140: Temperatura Observada | E140: 20 | F140: °C | G140: RES/811/2017 | I140: 0.2 | J140: Normal | K140: =I140/2 -> 0.1 | L140: =E136*((-C71*(1+0.8*C71*(E140-15)))+(-C71*(E140-15)*(0.8*C71))) -> #DIV/0! | M140: =L140*K140 -> #DIV/0! | N140: =M140^2 -> #DIV/0!
A142: 9.3 | B142: Modelo Cálculo API 2540 | F142: kg/m3 | G142: Estandar API 2540 | I142: =E136*(0.15/100) -> #DIV/0! | J142: Uniforme | K142: =I142/SQRT(12) -> #DIV/0! | L142: 1 | M142: =L142*K142 -> #DIV/0! | N142: =M142^2 -> #DIV/0!
M144: Sumatoria= | N144: =SUM(N92,N100:N111,N128,N136) -> #DIV/0! | O144: =SUM(O92,O100:O111,O128,O136) -> #DIV/0!
M145: Raiz= | N145: =SQRT(N144) -> #DIV/0! | O145: Incertidumbre combinada del Volumen base
M146: Uexp, k=2 | N146: =N145*2 -> #DIV/0!
M147: Uexp, en %= | N147: =N146/C83 -> #DIV/0!

Sheet Presupuesto de U Salidas
A1: Posiciones de Salida o Llenado | F1: Medidores de salida: Turbinas, Coriolis, Desplazamiento positivo
A3: Caso 1 | B3: Terminal de distribución
A5: Medidor de flujo
A6: Temperatura
A7: Coeficiente de expansión térmico por producto (β20): | B7: Compensación de la lectura
A9: Se determina el volumen base de salida por posición
A13: Donde:
A14: FC: Factor de Calibración
A15: IV: Volumen indicado
A16: Vb= Volumen base
C17: Modelo para calcular la incertidumbre para un volumen base
A22: Volumen medido en el periodo: | B22: 1 mes (febrero) | G22: DISPENSARIO 2
A23: IV del periodo: | C23: L | D23: Datos supuestos de una medición | F23: TURNO 1 y 2 (AL MES)
A24: Gasto promedio: | C24: L/min
A25: Factor de calibración: | B25: 1 | C25: Adimensional
A27: β20 del producto: | B27: ='Inventario Final'!C73 -> #DIV/0! | C27: 1/°C
A28: Temperatura: | B28: 20 | C28: °C
B30: Min | C30: Max
A31: Variaciones de temperatura | F31: K-Factor: | G31: =400/20 -> 20 | H31: P/L | I31: pulsos por litro
A32: Variaciones de flujo | F32: Cargas: | H32: tanques
A34: Volumen Bruto: | B34: =B23*B25 -> 0 | C34: L
A35: CTL: | B35: =1-B27*(B28-20) -> #DIV/0!
A36: Volumen base: | B36: =B34*B35 -> #DIV/0! | C36: L
A38: Gasto promedio: | B38: =(C32+B32)/2 -> 0 | C38: L/min
A39: Linealidad:
A41: K-Factor anterior | B41: 20 | C41: P/L
A42: K-Factor nuevo | B42: 20 | C42: P/L
A44: KF Nuevo= KF anterior/Factor de Calibración nuevo
A45: Factor de Calibracion nuevo= KF anterior/KF nuevo
A46: FC nuevo= | B46: =B41/B42 -> 1 | C46: =(1-B46) -> 0 | D46: % de error de un K-factor a otro
A51: Estimación de Incertidumbre
A55: Presupuesto de incertidumbre con base al modelo
A57: Referencia | B57: Variable de entrada | E57: Valor | F57: Unidad | G57: Fuente de informacion | I57: U Original | J57: Tipo Distribución | K57: u(xi) | L57: Ci | M57: u(xi)*Ci | N57: [u(xi)*Ci]^2 | O57: Aportación en %
A58: 1 | B58: Volumen indicado por el medidor de manera directa (IV) | E58: =B23 -> 0 | F58: L | G58: Sistema de Control Central | I58: =G32/G31 -> 0 | J58: Uniforme | K58: =I58/SQRT(12) -> 0 | L58: =E60*(1-B27*(B28-20)) -> #DIV/0! | M58: =L58*K58 -> #DIV/0! | N58: =M58^2 -> #DIV/0! | O58: =N58/$N$78 -> #DIV/0!
A60: 2 | B60: Factor de Calibración (FC) | E60: =B25 -> 1 | F60: Adimensional | G60: Sitema de Llenado | I60: uc del FC | K60: =SQRT(N62+N64+N66) -> 0.0025 | L60: =B23*(1-B27*(B28-20)) -> #DIV/0! | M60: =L60*K60 -> #DIV/0! | N60: =M60^2 -> #DIV/0! | O60: =N60/$N$78 -> #DIV/0!
A62: 2.1 | B62: Certificado de Calibración | F62: Adimensional | G62: NOM-005-SCFI-2017 | I62: 0.005 | J62: Normal | K62: =I62/2 -> 0.0025 | L62: 1 | M62: =K62*L62 -> 0.0025 | N62: =M62^2 -> 6.25e-06
A64: 2.2 | B64: Estabilidad del flujo | F64: Adimensional | G64: UVIM | I64: =B39/2 -> 0 | J64: Normal | K64: =I64/2 -> 0 | L64: 1 | M64: =K64*L64 -> 0 | N64: =M64^2 -> 0
A66: 2.3 | B66: Deriva | F66: Adimensional | G66: UVIM | I66: =C46 -> 0 | J66: Normal | K66: =I66/2 -> 0 | L66: 1 | M66: =K66*L66 -> 0 | N66: =M66^2 -> 0
A68: 3 | B68: Coeficiente de expansión térmico del producto (β) | E68: =B27 -> #DIV/0! | F68: 1/°C | G68: Calidad del diesel | I68: =E68*0.1 -> #DIV/0! | J68: Uniforme | K68: =I68/SQRT(12) -> #DIV/0! | L68: =(-E58*E60)*(B28-20) -> 0 | M68: =L68*K68 -> #DIV/0! | N68: =M68^2 -> #DIV/0! | O68: =N68/$N$78 -> #DIV/0!
A70: 4 | B70: Temperatura promedio de carga (t) | E70: =B28 -> 20 | F70: °C | I70: uc de t | K70: =SQRT(N72+N74+N76) -> 0.028867513 | L70: =-E58*E60*B27 -> #DIV/0! | M70: =L70*K70 -> #DIV/0! | N70: =M70^2 -> #DIV/0! | O70: =N70/$N$78 -> #DIV/0!
A72: 4.1 | B72: Calibración | F72: °C | G72: Certificado APT-23-T-01-027 | J72: Normal | K72: =I72/2 -> 0 | L72: 1 | M72: =K72*L72 -> 0 | N72: =M72^2 -> 0
A74: 4.2 | B74: Resolución | F74: °C | G74: Equipo de medición | I74: 0.1 | J74: Uniforme | K74: =I74/SQRT(12) -> 0.028867513 | L74: 1 | M74: =K74*L74 -> 0.028867513 | N74: =M74^2 -> 0.00083333333
A76: 4.3 | B76: Estabilidad de temperatura del periodo | F76: °C | G76: Reporte mensual del Sistema de Control Central | I76: =ABS('Inventario Inicial'!B20-'Inventario Final'!B20) -> 0 | J76: Uniforme | K76: =I76/SQRT(12) -> 0 | L76: 1 | M76: =K76*L76 -> 0 | N76: =M76^2 -> 0
M78: Sumatoria= | N78: =SUM(N58,N60,N68,N70) -> #DIV/0! | O78: =SUM(O58:O61,O68:O71) -> #DIV/0!
M79: Raiz= | N79: =SQRT(N78) -> #DIV/0!
M80: Uexp, k=2 | N80: =N79*2 -> #DIV/0!
M81: Uexp, en %= | N81: =N80/B36 -> #DIV/0!

Sheet Derivadas Salidas

Sheet Balance
P1: ui | Q1: Ci | R1: ui*Ci | S1: ui*Ci^2
G2: Li (Inventario): | H2: ='Inventario Inicial'!C83 -> #DIV/0! | I2: m3 | J2: Uexp, k=2: | K2: ='Inventario Inicial'!N147 -> #DIV/0! | L2: Se toman del final de las tablas de Presupuesto de U | N2: ='Inventario Inicial'!N146 -> #DIV/0! | O2: m3 | P2: =N2/2 -> #DIV/0! | Q2: -1 | R2: =P2*Q2 -> #DIV/0! | S2: =R2^2 -> #DIV/0! | Y2: Si el Factor esta 100% relacionado se va a tomar como la unidad (1)
G3: Lf (Inventario): | H3: ='Inventario Final'!C83 -> #DIV/0! | I3: m3 | J3: Uexp, k=2: | K3: ='Inventario Final'!N147 -> #DIV/0! | N3: ='Inventario Final'!N146 -> #DIV/0! | O3: m3 | P3: =N3/2 -> #DIV/0! | Q3: 1 | R3: =P3*Q3 -> #DIV/0! | S3: =R3^2 -> #DIV/0!
T4: P1 | U4: P2 | V4: P3 | W4: P4 | Y4: CORRELACION
G5: Salida-P1 (Disp. 2) | H5: ='Presupuesto de U Salidas'!B36/1000 -> #DIV/0! | I5: m3 | J5: Uexp, k=2: | K5: ='Presupuesto de U Salidas'!N81 -> #DIV/0! | N5: ='Presupuesto de U Salidas'!N80/1000 -> #DIV/0! | O5: m3 | P5: =N5/2 -> #DIV/0! | Q5: 1 | R5: =P5*Q5 -> #DIV/0! | S5: =R5^2 -> #DIV/0! | U5: =R5*R6 -> #DIV/0! | V5: =R5*R7 -> #DIV/0! | W5: =R5*R8 -> #DIV/0! | X5: =SUM(U5:W5) -> #DIV/0! | Z5: Significado de colores:
V6: =R6*R7 -> 0 | W6: =R6*R8 -> 0 | X6: =SUM(U6:W6) -> 0 | Z6: NO SE RELACIONA
W7: =R7*R8 -> 0 | X7: =SUM(U7:W7) -> 0 | Z7: No se puede llenar, es del escalon hacia la derecha
G9: Salidas totales: | H9: ='Presupuesto de U Salidas'!B36/1000 -> #DIV/0! | I9: m3 | R9: Sumatoria: | S9: =SUM(S5:S8,X9) -> #DIV/0! | T9: Se le suma la Sumatoria*2 | W9: Sumatoria*2: | X9: =SUM(X5:X7)*2 -> #DIV/0!
H10: =SUM(H5,H6)-H9 -> #DIV/0! | R10: Raíz, uc de Salidas: | S10: =SQRT(S9) -> #DIV/0! | T10: Incertidumbre combinada
R11: Uexp, k=2 | S11: =S10*2 -> #DIV/0! | T11: =S11/H9 -> #DIV/0! | U11: No podemos tener una u menor a la que le da origen
G13: Descarga: | I13: m3 | J13: Uexp, k=2 | K13: =K5 -> #DIV/0! | N13: =H13*K13 -> #DIV/0! | O13: m3 | P13: =N13/2 -> #DIV/0! | Q13: -1 | R13: =P13*Q13 -> #DIV/0! | S13: =R13^2 -> #DIV/0!
G15: Balance: | H15: =H3-H2+H9-H13 -> #DIV/0!
R16: Suma: | S16: =SUM(S2:S3,S5:S8,S13) -> #DIV/0!
R17: Raíz, uc de Balance: | S17: =SQRT(S16) -> #DIV/0!
G18: Evaluación del balance: | I18: =H15/S18 -> #DIV/0! | J18: =IF(ABS(I18)<1,"Cumple","No cumple") -> #DIV/0! | R18: Uexp, k=2 | S18: =S17*2 -> #DIV/0!
R22: Suma: | S22: =SUM(S2+S3+S13+S9) -> #DIV/0!
R23: Raíz, uc de Balance: | S23: =SQRT(S22) -> #DIV/0!
R24: Uexp, k=2 | S24: =S23*2 -> #DIV/0!
