Workbook

Sheet Cronograma
A1: Sección norma 10012 | B1: Actividad a realizar | C1: Duración estimada (días) | D1: Mes 1 | I1: Mes 2 | N1: Mes 3 | S1: Mes 4 | X1: Mes 5 | AC1: Mes 6 | AH1: Mes 7 | AM1: Mes 8 | AR1: Mes 9 | AW1: Mes 10 | BB1: Mes 11 | BG1: Mes 12
D2: 1 | E2: 2 | F2: 3 | G2: 4 | H2: 5 | I2: 1 | J2: 2 | K2: 3 | L2: 4 | M2: 5 | N2: 1 | O2: 2 | P2: 3 | Q2: 4 | R2: 5 | S2: 1 | T2: 2 | U2: 3 | V2: 4 | W2: 5 | X2: 1 | Y2: 2 | Z2: 3 | AA2: 4 | AB2: 5 | AC2: 1 | AD2: 2 | AE2: 3 | AF2: 4 | AG2: 5 | AH2: 1 | AI2: 2 | AJ2: 3 | AK2: 4 | AL2: 5 | AM2: 1 | AN2: 2 | AO2: 3 | AP2: 4 | AQ2: 5 | AR2: 1 | AS2: 2 | AT2: 3 | AU2: 4 | AV2: 5 | AW2: 1 | AX2: 2 | AY2: 3 | AZ2: 4 | BA2: 5 | BB2: 1 | BC2: 2 | BD2: 3 | BE2: 4 | BF2: 5 | BG2: 1 | BH2: 2 | BI2: 3 | BJ2: 4 | BK2: 5
B3: 4. REQUISITOS GENERALES | C3: =CONCATENATE(ROUND(SUM(C4),0)," días netos") -> 0 días netos
A4: 4 | B4: Requisitos cubiertos en las secciones:7.1, 7.2 y 8.2.2 | C4: 0
B5: 5. RESPONSABILIDAD DE LA DIRECCIÓN | C5: =CONCATENATE(ROUND(SUM(C6:C9),0)," días netos") -> 10 días netos
A6: 5.1 | B6: Función metrológica | C6: 5
A7: 5.2 | B7: Enfoque en el cliente | C7: 0
A8: 5.3 | B8: Definición de objetivos de calidad | C8: 2
A9: 5.4 | B9: Revisiones por la dirección | C9: 3
B10: 6. GESTIÓN DE LOS RECURSOS | C10: =CONCATENATE(ROUND(SUM(C11:C14),0)," días netos") -> 19 días netos
A11: 6.1 | B11: Recursos humanos | C11: 8
A12: 6.2 | B12: Recursos de información | C12: 6
A13: 6.3 | B13: Recursos materiales | C13: 0
A14: 6.4 | B14: Proveedores externos | C14: 5
B15: 7. CONFIRMACIÓN METROLÓGICA Y REALIZACIÓN DE LOS PROCESOS DE MEDICIÓN | C15: =CONCATENATE(ROUND(SUM(C16:C18),0)," días netos") -> 55 días netos
A16: 7.1 | B16: Confirmación metrológica | C16: 20
A17: 7.2 | B17: Proceso de medición | C17: 20
A18: 7.3 | B18: Incertidumbre de medición y trazabilidad metrológica | C18: 15
B19: 8. ANÁLISIS Y MEJORA DEL SGM | C19: =CONCATENATE(ROUND(SUM(C20:C23),0)," días netos") -> 16 días netos
A20: 8.1 | B20: Generalidades | C20: 0
A21: 8.2 | B21: Auditoría y seguimiento | C21: 5
A22: 8.3 | B22: Control de no conformidades | C22: 5
A23: 8.4 | B23: Mejora | C23: 6
A24: Nota: Los tiempos estimados consideran las actividades realizadas por una persona en 8 h por 5 días/semana para un proceso de medición con máximo 5 equipos de medición. En caso de que solo se dedique 4 h, el tiempo estimado se duplica. En caso de que sean más personas el tiempo se reduce. El tiempo también depende de la capacitación, experiencia y habilidades del personal. Si se requieren realizar mediciones adicionales, adquirir/calibrar equipo, adecuar instalaciones, capacitar personal, compras, etc. el tiempo se incrementa. | C24: =CONCATENATE("Total= ",ROUND(SUM(C4:C23),0)," días netos") -> Total= 100 días netos
C25: =CONCATENATE("Total= ",ROUND(SUM(C6:C23)/20,1)," meses netos") -> Total= 5 meses netos

Sheet Cap5
A1: Sección norma 10012 | B1: Duración estimada (días) | C1: Sub- sección 10012 | D1: Actividad a realizar | E1: Semana 1 | J1: Semana 2 | O1: Semana 3 | T1: Semana 4 | Y1: Semana 5
E2: 1 | F2: 2 | G2: 3 | H2: 4 | I2: 5 | J2: 1 | K2: 2 | L2: 3 | M2: 4 | N2: 5 | O2: 1 | P2: 2 | Q2: 3 | R2: 4 | S2: 5 | T2: 1 | U2: 2 | V2: 3 | W2: 4 | X2: 5 | Y2: 1 | Z2: 2 | AA2: 3 | AB2: 4 | AC2: 5
D3: =Cronograma!B5 -> 5. RESPONSABILIDAD DE LA DIRECCIÓN
A4: =Cronograma!A6 -> 5.1 | B4: =Cronograma!C6 -> 5 | C4: =A4 -> 5.1 | D4: =Cronograma!B6 -> Función metrológica
C5: a | D5: Elaborar organigrama de la Organización, indicando graficamente las relaciones entre el personal de gestión, técnico, de apoyo y externo de influencia en los resultados de medición. En la medida de lo posible, evitar que en el organigrama se presenten conflictos de interés entre los diferentes puestos del personal.
C6: b | D6: Definir en el organigrama, el o los puestos que son responsables del sistema de gestión de mediciones (Función Metrológica).
A7: =Cronograma!A7 -> 5.2 | B7: =Cronograma!C7 -> 0 | C7: =Cronograma!A7 -> 5.2 | D7: =Cronograma!B7 -> Enfoque en el cliente
C8: a | D8: Esta sección se cubre con el cumplimiento de los requisitos de las secciones: 7.2 y 8.2.2
A9: =Cronograma!A8 -> 5.3 | B9: =Cronograma!C8 -> 2 | C9: =A9 -> 5.3 | D9: =Cronograma!B8 -> Definición de objetivos de calidad
C10: a | D10: Definir y documentar en el manual de gestión los objetivos de calidad de la Organización. Éstos deben ser realistas, alcanzables y medibles. Enfocados a incrementar la eficacia del SGM (sistema de gestión de mediciones). Tomar en cuenta que los objetivos de calidad se miden continuamente y que un incumplimiento de éstos, implica una no conformidad al SGM.
C11: b | D11: Los procedimientos para procesos de medición y su control se definen de acuerdo a lo indicado en la sección 7.2
A12: =Cronograma!A9 -> 5.4 | B12: =Cronograma!C9 -> 3 | C12: =A12 -> 5.4 | D12: =Cronograma!B9 -> Revisiones por la dirección
C13: a | D13: Elaborar un procedimiento y formato para realizar revisiones periódicas al SGM.
C14: b | D14: Esta revisión la realiza la alta dirección de la Organización, con una periodicidad inferior a 12 meses. Pueden participar más miembros de la Organización. Es una revisión ejecutiva que diagnóstica el estado de operación del SGM, como: el cumplimiento de los objetivos de calidad, recursos humanos y materiales, documentación, etc. Generar registro de una revisión realizada.

Sheet Cap6
A1: Sección norma 10012 | B1: Duración estimada (días) | C1: Sub- sección 10012 | D1: Actividad a realizar | E1: Semana 1 | J1: Semana 2 | O1: Semana 3 | T1: Semana 4 | Y1: Semana 5
E2: 1 | F2: 2 | G2: 3 | H2: 4 | I2: 5 | J2: 1 | K2: 2 | L2: 3 | M2: 4 | N2: 5 | O2: 1 | P2: 2 | Q2: 3 | R2: 4 | S2: 5 | T2: 1 | U2: 2 | V2: 3 | W2: 4 | X2: 5 | Y2: 1 | Z2: 2 | AA2: 3 | AB2: 4 | AC2: 5
D3: =Cronograma!B10 -> 6. GESTIÓN DE LOS RECURSOS
A4: =Cronograma!A11 -> 6.1 | B4: =Cronograma!C11 -> 8 | C4: =A4 -> 6.1 | D4: =Cronograma!B11 -> Recursos humanos
C5: a | D5: Definir y documentar en el manual de gestión, las funciones y responsabilidades de cada uno de los puestos de la Organización, definidos en el organigrama de la sección 5.1. Incluyendo sus interacciones y nivel de autoridad. Las funciones y responsabilidades documentadas son la base para realizar la evaluación del personal, ya que se evalúa de acuerdo al tipo de trabajo que desempeñan.
C6: b | D6: En base a las funciones y responsabilidades, definir y documentar los perfiles de puesto requeridos para cada puesto de la Organización. Tomar en cuenta que para cada requisito de perfil indicado, debe existir evidencia documental de su cumplimiento. Esto aplica para cada persona que ocupa el puesto.
C7: c | D7: Generar un expediente de competencia por persona, que demuestre el cumplimiento del perfil de puesto.
C8: d | D8: Elaborar un procedimiento y formato para identificar necesidades de formación del personal, para su impartición y evaluación de su eficacia.
C9: e | D9: Generar un programa o calendario de capacitación/formación del personal anual y asegurar su cumplimiento (es auditable).
C10: f | D10: Generar un documento de autorización de cada persona para realizar actividades en el SGM.
A11: =Cronograma!A12 -> 6.2 | B11: =Cronograma!C12 -> 6 | C11: =A11 -> 6.2 | D11: =Cronograma!B12 -> Recursos de información
C12: a | D12: Elaborar un procedimiento y formato para controlar los documentos y software de la Organización.
C13: b | D13: Generar una lista maestra de control de documentos y software (inventario).
C14: c | D14: Para validar los procedimientos de medición ver la sección 7.2.
C15: d | D15: Para validar el software de medición utilizado, ver la sección 7.2.
C16: e | D16: Elaborar un procedimiento y formato para controlar los registros generados por el SGM de la Organización.
C17: f | D17: Los equipos de medición del SGM se identifican de acuerdo a lo indicado en la sección 7.1.
A18: =Cronograma!A13 -> 6.3 | B18: =Cronograma!C13 -> 0 | C18: =A18 -> 6.3 | D18: =Cronograma!B13 -> Recursos materiales
C19: a | D19: El equipo del SGM es administrado, controlado y asegurado como se indica en 7.1.
C20: b | D20: Las condiciones ambientales se documentan, controlan, registran y aplican correcciones significantes de acuerdo a lo indicado en el procedimiento de cada proceso de medición empleado (ver sección 7.2).
A21: =Cronograma!A14 -> 6.4 | B21: =Cronograma!C14 -> 5 | C21: =A21 -> 6.4 | D21: =Cronograma!B14 -> Proveedores externos
C22: a | D22: Elaborar un procedimiento y formato para seleccionar y adquirir servicios y productos que afectan la calidad de las mediciones; incluyendo la evaluación de proveedores.
C23: b | D23: Documentar los requisitos metrológicos requeridos para la adquisición de productos y servicios de la Organización. Generar registros de los proveedores evaluados.

Sheet Cap7
A1: Sección norma 10012 | B1: Duración estimada (días) | C1: Sub- sección 10012 | D1: Actividad a realizar | E1: Semana 1 | J1: Semana 2 | O1: Semana 3 | T1: Semana 4 | Y1: Semana 5
E2: 1 | F2: 2 | G2: 3 | H2: 4 | I2: 5 | J2: 1 | K2: 2 | L2: 3 | M2: 4 | N2: 5 | O2: 1 | P2: 2 | Q2: 3 | R2: 4 | S2: 5 | T2: 1 | U2: 2 | V2: 3 | W2: 4 | X2: 5 | Y2: 1 | Z2: 2 | AA2: 3 | AB2: 4 | AC2: 5
D3: =Cronograma!B15 -> 7. CONFIRMACIÓN METROLÓGICA Y REALIZACIÓN DE LOS PROCESOS DE MEDICIÓN
A4: =Cronograma!A16 -> 7.1 | B4: =Cronograma!C16 -> 20 | C4: =A4 -> 7.1 | D4: =Cronograma!B16 -> Confirmación metrológica
C5: a | D5: Elaborar un procedimiento y formato para para planear y realizar la confirmación metrológica del equipo de medición del SGM. La confirmación metrológica debe estar diseñada e implantada para asegurar que las características metrológicas del equipo de medición satisfagan los requisitos metrológicos del proceso de medición. La confirmación metrológica incluye la calibración y la verificación del equipo de medición.
C6: b | D6: El procedimiento de confirmación debe incluir la determinación inicial y el ajuste de los periodos para realizar la confirmación metrológica.
C7: c | D7: El procedimiento de confirmación debe incluir la implementación de mecanismos para la gestión de ajustes y protección de daño o manipulación no deseada a equipo y software del SGM.
C8: d | D8: El procedimiento de confirmación debe incluir instrucciones para la gestión de registros generados de las confirmaciones metrológicas realizadas, incluyendo su aprobación por personal autorizado. Los registros deben incluir la información indicada en 7.1.4 de la norma ISO 10012-2003.
C9: e | D9: Aplicar el procedimiento y realizar la confirmación metrológica de cada equipo de medición del SGM.
A10: =Cronograma!A17 -> 7.2 | B10: =Cronograma!C17 -> 20 | C10: =A10 -> 7.2 | D10: =Cronograma!B17 -> Proceso de medición
C11: a | D11: Elaborar un procedimiento y formato para que los procesos de medición sean planeados, validados, implementados, documentados y controlados. Los procesos de medición deben diseñarse para evitar errores, rápida detección de fallas y la oportunidad de aplicar acciones correctivas.
C12: b | D12: Identificar y cuantificar las magnitudes de incluencia que afectan los procesos de medición.
C13: c | D13: Identificar y documentar las características de desempeño que debe lograr el proceso de medición.
C14: d | D14: Generar registros de diseño, validación e implementación de los procesos de medición del SGM. Así como para demostrar el cumplimiento de los requisitos del proceso de medicion.
A15: =Cronograma!A18 -> 7.3 | B15: =Cronograma!C18 -> 15 | C15: =A15 -> 7.3 | D15: =Cronograma!B18 -> Incertidumbre de medición y trazabilidad metrológica
C16: a | D16: Elaborar procedimiento y formato para estimación de la incertidumbre de cada mensurando (magnitud deseada a medir) de cada proceso de medición.
C17: b | D17: Generar registros de la estimación de incertidumbre realizada de cada proceso de medicion.
C18: c | D18: Generar registros de la trazabilidad metrológica de cada proceso de medicion (carta de trazabilidad).

Sheet Cap8
A1: Sección norma 10012 | B1: Duración estimada (días) | C1: Sub- sección 10012 | D1: Actividad a realizar | E1: Semana 1 | J1: Semana 2 | O1: Semana 3 | T1: Semana 4 | Y1: Semana 5
E2: 1 | F2: 2 | G2: 3 | H2: 4 | I2: 5 | J2: 1 | K2: 2 | L2: 3 | M2: 4 | N2: 5 | O2: 1 | P2: 2 | Q2: 3 | R2: 4 | S2: 5 | T2: 1 | U2: 2 | V2: 3 | W2: 4 | X2: 5 | Y2: 1 | Z2: 2 | AA2: 3 | AB2: 4 | AC2: 5
D3: =Cronograma!B19 -> 8. ANÁLISIS Y MEJORA DEL SGM
A4: =Cronograma!A20 -> 8.1 | B4: =Cronograma!C20 -> 0 | C4: =A4 -> 8.1 | D4: =Cronograma!B20 -> Generalidades
C5: a | D5: Los requisitos se incluyen en los apartados 8.2 a 8.4.
A6: =Cronograma!A21 -> 8.2 | B6: =Cronograma!C21 -> 5 | C6: =A6 -> 8.2 | D6: =Cronograma!B21 -> Auditoría y seguimiento
C7: a | D7: Elaborar un procedimiento y formato para realizar auditorías internas al SGM de manera periódica (máximo cada doce meses o lo indicado por el regulador).
C8: b | D8: Generar registros para demostrar que se realizan auditorías internas al SGM. La auditoría interna también puede ser realizada por auditores externos a la Organización.
A9: =Cronograma!A22 -> 8.3 | B9: =Cronograma!C22 -> 5 | C9: =A9 -> 8.3 | D9: =Cronograma!B22 -> Control de no conformidades
C10: a | D10: Elaborar procedimiento y formato para la gestión de no conformidades al SGM.
C11: b | D11: Generar registros de la atención de las no conformidades que se llegase a presentar, por ejemplo de clientes, auditorías internas o externas.
A12: =Cronograma!A23 -> 8.4 | B12: =Cronograma!C23 -> 6 | C12: =A12 -> 8.4 | D12: =Cronograma!B23 -> Mejora
C13: a | D13: Elaborar un procedimiento y formato para las mejoras realizadas al SGM.
C14: b | D14: Elaborar un procedimiento y formato para la aplicación de acciones correctivas al SGM.
C15: c | D15: Elaborar un procedimiento y formato para la aplicación de acciones preventivas al SGM (puede ser en conjunto con el procedimiento de mejora).
C16: d | D16: Generar registros de la aplicación de mejoras, acciones correctivas y/o acciones preventivas que pudiesen presentarse.
